,City,Lat,Lng,Max Temp,Humidity,Cloudiness,Wind Speed,Country,Date
0,tiksi,71.6872,128.8694,-20.38,86,100,4.07,RU,1614234855
1,tilichiki,60.4667,166.1,-17.81,88,0,9.57,RU,1614234792
2,vaini,-21.2,-175.2,78.8,78,75,5.75,TO,1614234829
3,husavik,66.0449,-17.3389,32.0,100,90,2.3,IS,1614234980
4,albany,42.6001,-73.9662,39.0,81,65,5.01,US,1614234703
5,cape town,-33.9258,18.4232,70.0,64,0,19.57,ZA,1614234625
6,urusha,54.05,122.9,4.12,88,100,1.97,RU,1614234981
7,busselton,-33.65,115.3333,80.62,48,0,10.07,AU,1614234796
8,tasiilaq,65.6145,-37.6368,28.4,69,75,3.44,GL,1614234856
9,ushuaia,-54.8,-68.3,41.0,87,75,19.57,AR,1614234766
10,hobart,-42.8794,147.3294,64.99,36,75,13.8,AU,1614234728
11,port alfred,-33.5906,26.891,68.0,95,92,1.01,ZA,1614234836
12,yellowknife,62.456,-114.3525,-7.01,77,90,5.75,CA,1614234856
13,nelson bay,-32.7167,152.15,78.01,78,75,8.05,AU,1614234982
14,arraial do cabo,-22.9661,-42.0278,73.4,94,0,3.44,BR,1614234848
15,adelaide,-34.9333,138.6,71.01,56,75,16.11,AU,1614234862
16,buchanan,5.8808,-10.0467,77.13,87,52,5.37,LR,1614234982
17,kaitangata,-46.2817,169.8464,55.99,78,66,8.01,NZ,1614234982
18,touros,-5.1989,-35.4608,77.0,94,20,2.3,BR,1614234983
19,iraquara,-12.2486,-41.6194,68.0,94,0,1.14,BR,1614234983
20,krasnoselkup,65.7,82.4667,-24.75,84,67,7.58,RU,1614234983
21,riyadh,24.6877,46.7219,57.2,51,0,18.41,SA,1614234944
22,new norfolk,-42.7826,147.0587,64.99,53,64,1.99,AU,1614234830
23,merauke,-8.4667,140.3333,82.99,75,91,16.55,ID,1614234984
24,brownwood,31.7093,-98.9912,51.8,43,40,8.05,US,1614234984
25,santa isabel,-23.3156,-46.2214,69.01,100,75,5.75,BR,1614234985
26,bluff,-46.6,168.3333,57.0,74,5,7.0,NZ,1614234837
27,tabuk,17.4189,121.4443,85.57,61,83,4.14,PH,1614234985
28,guider,9.9342,13.9486,76.19,17,4,9.82,CM,1614234986
29,airai,-8.9266,125.4092,64.69,100,100,5.99,TL,1614234829
30,bocaiuva,-17.1078,-43.815,66.27,92,0,2.55,BR,1614234986
31,mataura,-46.1927,168.8643,57.0,74,62,7.0,NZ,1614234826
32,upernavik,72.7868,-56.1549,10.87,53,97,4.85,GL,1614234960
33,mishelevka,52.8575,103.1719,17.98,94,100,10.87,RU,1614234987
34,talnakh,69.4865,88.3972,-22.79,84,96,1.25,RU,1614234952
35,interlaken,36.9513,-121.7338,57.99,19,1,3.56,US,1614234987
36,tommot,58.9564,126.2925,-5.51,86,100,0.6,RU,1614234987
37,nikolskoye,59.7035,30.7861,36.0,93,90,11.18,RU,1614234835
38,nizhnevartovsk,60.9344,76.5531,-18.4,69,0,11.18,RU,1614234988
39,lebu,-37.6167,-73.65,56.25,92,5,10.49,CL,1614234937
40,kapaa,22.0752,-159.319,73.4,73,75,20.71,US,1614234836
41,komsomolskiy,40.4272,71.7189,26.6,46,75,2.3,UZ,1614234989
42,kruisfontein,-34.0033,24.7314,71.01,70,99,3.0,ZA,1614234942
43,avarua,-21.2078,-159.775,80.6,83,40,5.75,CK,1614234841
44,rikitea,-23.1203,-134.9692,79.29,76,100,21.09,PF,1614234826
45,cabo san lucas,22.8909,-109.9124,64.99,43,2,9.4,MX,1614234869
46,punta arenas,-53.15,-70.9167,48.65,88,100,9.22,CL,1614234734
47,nizhniy kuranakh,58.8353,125.4869,-7.56,86,100,2.42,RU,1614234989
48,hithadhoo,-0.6,73.0833,83.12,71,92,9.64,MV,1614234989
49,castro,-24.7911,-50.0119,63.28,97,93,6.44,BR,1614234950
50,tieling,42.2931,123.8414,32.0,34,17,6.93,CN,1614234990
51,zhangjiakou,40.81,114.8794,45.39,46,0,2.62,CN,1614234990
52,sawtell,-30.3833,153.1,77.0,78,40,20.71,AU,1614234991
53,san patricio,28.017,-97.5169,71.6,94,90,13.8,US,1614234853
54,piacabucu,-10.4056,-36.4344,76.32,83,38,6.24,BR,1614234838
55,mahebourg,-20.4081,57.7,80.6,74,40,10.36,MU,1614234847
56,georgetown,5.4112,100.3354,91.4,58,20,9.22,MY,1614234722
57,ponta do sol,32.6667,-17.1,55.0,56,0,5.99,PT,1614234829
58,chokurdakh,70.6333,147.9167,-20.76,88,83,5.5,RU,1614234848
59,camacha,33.0833,-16.3333,57.2,62,20,20.71,PT,1614234991
60,vila do maio,15.1333,-23.2167,68.0,68,0,19.57,CV,1614234991
61,pochutla,15.7432,-96.4661,73.0,68,0,1.01,MX,1614234992
62,bekhteyevka,50.8072,37.2085,21.2,100,90,6.71,RU,1614234992
63,taiobeiras,-15.8078,-42.2331,63.82,97,75,2.08,BR,1614234992
64,mastic beach,40.7668,-72.8521,46.99,71,90,10.36,US,1614234993
65,yeppoon,-23.1333,150.7333,87.8,51,6,14.97,AU,1614234993
66,rovaniemi,66.5,25.7167,21.2,93,90,11.5,FI,1614234993
67,biga,40.2281,27.2422,48.0,87,75,16.11,TR,1614234905
68,sydney mines,46.2367,-60.2177,35.01,80,90,10.36,CA,1614234994
69,hilo,19.7297,-155.09,71.6,83,75,4.61,US,1614234831
70,ponta delgada,37.7333,-25.6667,55.4,67,40,10.36,PT,1614234995
71,birjand,32.8663,59.2211,44.6,70,75,4.61,IR,1614234995
72,shevchenko,48.5,35.0,23.0,86,90,11.18,UA,1614234995
73,faya,18.3851,42.4509,59.0,77,40,11.5,SA,1614234996
74,puerto ayora,-0.7393,-90.3518,78.01,91,49,2.75,EC,1614234996
75,vao,-22.6667,167.4833,78.44,82,5,18.99,NC,1614234996
76,codrington,-38.2667,141.9667,61.77,73,97,13.35,AU,1614234953
77,dutse,11.7594,9.3392,65.88,25,0,7.14,NG,1614234997
78,dumraon,25.55,84.15,94.48,13,0,18.66,IN,1614234997
79,duiwelskloof,-23.6934,30.14,78.26,63,63,0.63,ZA,1614234997
80,hadejia,12.4498,10.0444,66.9,23,0,12.75,NG,1614234998
81,khatanga,71.9667,102.5,-20.72,87,9,6.53,RU,1614234845
82,sinnamary,5.3833,-52.95,76.69,85,94,14.25,GF,1614234998
83,rawah,34.4816,41.9093,57.4,37,0,8.77,IQ,1614234999
84,bredasdorp,-34.5322,20.0403,66.2,72,87,5.75,ZA,1614234933
85,port elizabeth,-33.918,25.5701,68.0,88,20,9.22,ZA,1614234853
86,dikson,73.5069,80.5464,-15.18,89,89,11.16,RU,1614234838
87,mar del plata,-38.0023,-57.5575,59.0,88,0,6.91,AR,1614234962
88,qaqortoq,60.7167,-46.0333,19.4,63,0,4.61,GL,1614234999
89,bengkulu,-3.8004,102.2655,85.14,67,93,17.94,ID,1614234854
90,zhuanghe,39.7008,122.9911,44.08,52,0,7.49,CN,1614235000
91,teofilo otoni,-17.8575,-41.5053,68.11,94,45,0.94,BR,1614235000
92,beira,-19.8436,34.8389,82.4,83,40,8.05,MZ,1614235001
93,ribeira grande,38.5167,-28.7,55.62,70,100,24.83,PT,1614234843
94,atuona,-9.8,-139.0333,79.48,80,19,12.95,PF,1614234852
95,muroto,33.2833,134.15,55.4,62,75,6.91,JP,1614235001
96,asau,46.4333,26.4,46.99,100,0,1.14,RO,1614235001
97,jamestown,42.097,-79.2353,30.99,80,90,11.5,US,1614234826
98,bam,29.106,58.357,57.0,34,0,7.81,IR,1614235001
99,la crosse,43.8014,-91.2396,28.4,74,1,4.61,US,1614235002
100,kodiak,57.79,-152.4072,33.26,72,3,8.75,US,1614235002
101,victoria,22.2855,114.1577,75.0,79,62,5.99,HK,1614234835
102,esperance,-33.8667,121.9,84.2,34,0,17.27,AU,1614234833
103,vila velha,-20.3297,-40.2925,77.0,88,75,5.75,BR,1614235002
104,tuatapere,-46.1333,167.6833,57.0,74,37,7.0,NZ,1614234933
105,abu dhabi,24.4667,54.3667,77.0,41,0,4.61,AE,1614235002
106,vanimo,-2.6741,141.3028,84.29,71,30,11.23,PG,1614234949
107,tuktoyaktuk,69.4541,-133.0374,-43.6,73,1,3.44,CA,1614234831
108,clyde river,70.4692,-68.5914,-0.4,85,1,4.61,CA,1614234940
109,atar,20.5169,-13.0499,67.24,23,0,16.53,MR,1614235003
110,jumla,29.2747,82.1838,62.69,24,0,6.89,NP,1614235003
111,pahrump,36.2083,-115.9839,46.0,19,0,5.99,US,1614234744
112,hobyo,5.3505,48.5268,80.64,60,49,15.75,SO,1614235004
113,qaanaaq,77.484,-69.3632,15.82,74,100,9.24,GL,1614235004
114,fairbanks,64.8378,-147.7164,14.0,85,90,5.73,US,1614234547
115,cidreira,-30.1811,-50.2056,70.48,79,64,4.0,BR,1614234930
116,kijang,35.2442,129.2139,51.8,54,75,9.22,KR,1614235004
117,sinor,21.9167,73.3333,84.2,42,0,3.44,IN,1614235005
118,port blair,11.6667,92.75,86.0,70,40,3.44,IN,1614235005
119,aitape,-3.1374,142.3475,83.23,76,39,10.85,PG,1614235005
120,tombouctou,20.0,-3.0,56.26,38,0,11.32,ML,1614235006
121,beltinci,46.6053,16.2406,50.0,93,0,1.14,SI,1614235006
122,wau,7.7029,27.9953,77.54,16,30,8.52,SS,1614235007
123,hofn,64.2539,-15.2082,37.47,75,15,12.08,IS,1614235007
124,barrow,71.2906,-156.7887,-29.2,68,1,11.5,US,1614234827
125,kavieng,-2.5744,150.7967,83.84,74,91,13.42,PG,1614234827
126,venafro,41.4834,14.0451,48.0,100,20,5.35,IT,1614235008
127,terra rica,-22.7094,-52.6169,69.98,93,100,4.72,BR,1614235008
128,butaritari,3.0707,172.7902,81.52,81,0,19.42,KI,1614234849
129,bianzhuang,34.8486,118.0447,38.59,95,100,13.38,CN,1614235009
130,jibuti,11.5,42.5,78.8,65,75,3.44,DJ,1614235040
131,porto novo,6.4965,2.6036,82.4,89,40,6.91,BJ,1614235040
132,vaasa,63.096,21.6158,35.6,100,90,6.91,FI,1614234748
133,umba,66.6871,34.3429,9.91,95,100,10.0,RU,1614235040
134,mujiayingzi,42.1167,118.7833,38.21,62,0,2.37,CN,1614235040
135,lompoc,34.6391,-120.4579,59.0,53,1,4.61,US,1614234722
136,kirando,-7.4167,30.6,76.12,71,96,4.0,TZ,1614235041
137,yuksekova,37.5736,44.2872,15.8,79,40,3.44,TR,1614235042
138,iskenderun,36.5872,36.1735,57.0,75,0,4.61,TR,1614235042
139,torbay,47.6666,-52.7314,30.0,80,75,21.85,CA,1614234833
140,makinsk,52.6292,70.4169,-12.1,88,56,11.97,KZ,1614235042
141,mayumba,-3.432,10.6554,76.86,91,100,8.72,GA,1614235043
142,bethel,41.3712,-73.414,46.4,57,40,6.91,US,1614234964
143,kahului,20.8947,-156.47,73.4,64,40,21.85,US,1614234919
144,boa vista,2.8197,-60.6733,77.0,78,40,6.91,BR,1614234853
145,lodwar,3.1191,35.5973,92.77,23,59,19.42,KE,1614235044
146,korla,41.7597,86.1469,53.06,32,97,3.09,CN,1614235044
147,poquoson,37.1224,-76.3458,59.0,44,1,18.41,US,1614235043
148,edgewater,28.9889,-80.9023,62.6,88,1,4.61,US,1614235044
149,xinyang,32.1228,114.0656,42.44,81,100,16.51,CN,1614235045
150,coari,-4.085,-63.1414,73.45,97,99,0.4,BR,1614235045
151,pueblo nuevo,23.3833,-105.3833,56.28,39,100,4.79,MX,1614235045
152,ilulissat,69.2167,-51.1,6.8,56,0,2.3,GL,1614235045
153,prince rupert,54.3161,-130.3201,39.2,87,90,19.57,CA,1614234841
154,svetlaya,46.5389,138.3297,17.17,85,50,3.56,RU,1614235045
155,port moresby,-9.4431,147.1797,87.8,58,75,14.97,PG,1614235046
156,east london,-33.0153,27.9116,68.0,83,40,4.61,ZA,1614234847
157,sinjar,36.3209,41.8754,51.55,45,48,1.57,IQ,1614235046
158,port lincoln,-34.7333,135.8667,64.92,65,100,15.97,AU,1614235046
159,nha trang,12.25,109.1833,80.6,65,0,11.5,VN,1614235034
160,tucuman,-26.8241,-65.2226,71.6,94,90,0.2,AR,1614235046
161,kysyl-syr,63.8986,122.7617,-17.86,85,99,2.51,RU,1614235047
162,my tho,10.35,106.35,87.8,55,75,6.91,VN,1614235047
163,provideniya,64.3833,-173.3,3.2,72,96,11.18,RU,1614234956
164,bandarban,22.1965,92.2262,93.69,21,32,6.78,BD,1614235047
165,portland,45.5234,-122.6762,39.2,87,75,0.76,US,1614234825
166,byron bay,-28.65,153.6167,78.8,73,75,13.8,AU,1614235048
167,katsuura,35.1333,140.3,51.8,28,75,9.22,JP,1614234839
168,biak,-0.9131,122.8766,84.25,70,94,2.42,ID,1614235048
169,wanning,18.8003,110.3967,78.42,69,96,9.66,CN,1614235048
170,chuy,-33.6971,-53.4616,62.46,90,0,2.44,UY,1614234842
171,serenje,-13.2325,30.2352,65.57,89,81,7.67,ZM,1614235049
172,san quintin,30.4833,-115.95,55.74,86,14,2.3,MX,1614235049
173,bambous virieux,-20.3428,57.7575,84.0,74,40,10.36,MU,1614235049
174,faanui,-16.4833,-151.75,81.97,74,2,9.26,PF,1614235049
175,launceston,-41.45,147.1667,63.0,51,75,16.11,AU,1614235049
176,grand gaube,-20.0064,57.6608,84.0,68,0,7.0,MU,1614235050
177,bathsheba,13.2167,-59.5167,77.0,65,40,23.02,BB,1614235050
178,leningradskiy,69.3833,178.4167,-18.83,96,100,7.45,RU,1614235050
179,buldana,20.5333,76.1833,88.86,14,0,5.17,IN,1614235050
180,yaan,7.3833,8.5667,76.6,37,86,4.54,NG,1614235050
181,fort frances,48.5999,-93.4003,19.99,86,90,3.44,CA,1614235051
182,nuuk,64.1835,-51.7216,17.6,67,20,14.97,GL,1614235051
183,cerrito,6.8432,-72.694,52.07,80,39,5.64,CO,1614235052
184,ushtobe,45.2514,77.9838,22.51,39,100,22.77,KZ,1614235052
185,araguacu,-12.9306,-49.8264,72.12,90,90,2.44,BR,1614235052
186,hermanus,-34.4187,19.2345,69.01,80,48,9.53,ZA,1614234852
187,isiro,2.7739,27.616,78.17,36,100,3.02,CD,1614235053
188,luderitz,-26.6481,15.1594,68.59,56,0,19.24,NA,1614235053
189,baykit,61.67,96.37,-8.81,83,100,8.01,RU,1614235053
190,palmer,42.1584,-72.3287,44.01,75,75,5.75,US,1614235053
191,maniitsoq,65.4167,-52.9,16.21,77,0,4.21,GL,1614235054
192,iqaluit,63.7506,-68.5145,-11.2,77,90,28.77,CA,1614234819
193,albury,-36.0833,146.9167,82.99,28,1,11.5,AU,1614234860
194,pyshchug,58.8873,45.7134,0.95,93,100,10.31,RU,1614235055
195,sao filipe,14.8961,-24.4956,70.66,74,0,8.79,CV,1614234857
196,ouallam,14.3188,2.0866,68.76,21,0,8.84,NE,1614235055
197,ende,-8.8432,121.6623,84.56,74,96,1.61,ID,1614234781
198,wynyard,-41.0,145.7167,55.0,63,14,15.01,AU,1614235055
199,russkaya polyana,49.417,31.9201,36.7,100,100,6.11,UA,1614235056
200,hualmay,-11.0964,-77.6139,69.46,77,12,4.76,PE,1614235056
201,pangody,65.85,74.4859,-20.47,86,95,2.55,RU,1614235056
202,saint george,37.1041,-113.5841,44.6,31,1,5.75,US,1614234659
203,ketchikan,55.3422,-131.6461,35.6,93,90,11.5,US,1614234918
204,severo-kurilsk,50.6789,156.125,24.76,94,100,9.64,RU,1614234737
205,okhotsk,59.3833,143.3,1.47,87,36,7.49,RU,1614234733
206,montecristo,8.2971,-74.4733,76.26,87,0,1.88,CO,1614235057
207,te anau,-45.4167,167.7167,59.43,71,98,1.72,NZ,1614235057
208,paita,-5.0892,-81.1144,73.78,76,2,9.62,PE,1614235057
209,grindavik,63.8424,-22.4338,32.0,93,75,5.75,IS,1614235057
210,high level,58.5169,-117.136,3.2,85,90,2.3,CA,1614235058
211,okha,53.5739,142.9478,4.3,93,100,12.44,RU,1614234957
212,marsa matruh,31.3525,27.2453,51.8,93,40,4.61,EG,1614235036
213,lisakovsk,52.5369,62.4936,-11.78,90,87,11.52,KZ,1614235058
214,nanortalik,60.1432,-45.2371,25.09,89,42,5.84,GL,1614235058
215,pitimbu,-7.4706,-34.8086,78.8,94,40,2.3,BR,1614235059
216,jalu,29.0331,21.5482,57.61,51,0,5.53,LY,1614235059
217,nishihara,26.1842,127.7558,73.4,73,75,18.41,JP,1614235059
218,almaznyy,48.0448,40.045,10.4,67,40,4.47,RU,1614235059
219,poya,-21.35,165.15,81.79,74,6,7.47,NC,1614235060
220,gryazovets,58.88,40.2525,10.02,96,100,8.48,RU,1614235060
221,sumenep,-7.0167,113.8667,84.56,74,0,15.61,ID,1614235047
222,mehamn,71.0357,27.8492,32.0,80,75,18.41,NO,1614235061
223,kaeo,-35.1,173.7833,71.01,78,9,8.01,NZ,1614235061
224,saskylakh,71.9167,114.0833,-28.71,81,0,6.38,RU,1614235061
225,avera,33.194,-82.5271,55.99,76,1,3.44,US,1614234939
226,wichian buri,15.6578,101.106,95.0,36,61,9.4,TH,1614235061
227,kautokeino,69.0125,23.0412,28.89,97,100,12.71,NO,1614235062
228,half moon bay,37.4636,-122.4286,59.0,23,1,9.22,US,1614235062
229,awbari,26.5921,12.7805,51.76,44,0,14.36,LY,1614234955
230,norman wells,65.282,-126.8329,-5.8,77,90,6.91,CA,1614234842
231,kabalo,-6.05,26.9167,75.25,79,7,3.42,CD,1614235063
232,kudahuvadhoo,2.6708,72.8944,82.02,76,100,13.11,MV,1614235063
233,kjollefjord,70.9457,27.3465,32.0,80,75,18.41,NO,1614235063
234,grand-santi,4.25,-54.3833,72.41,97,99,2.33,GF,1614235063
235,batemans bay,-35.7167,150.1833,73.99,82,53,7.16,AU,1614234605
236,palu,-0.8917,119.8707,89.51,50,1,5.68,ID,1614235063
237,srednekolymsk,67.45,153.6833,-21.48,97,100,6.96,RU,1614234850
238,padang,-0.9492,100.3543,87.8,62,40,5.75,ID,1614235064
239,gbadolite,4.2833,21.0167,83.75,28,8,5.21,CD,1614234919
240,flinders,-34.5833,150.8552,75.0,82,45,5.99,AU,1614235064
241,aklavik,68.2191,-135.0107,-32.8,75,63,8.05,CA,1614234836
242,coquimbo,-29.9533,-71.3436,59.56,91,91,3.18,CL,1614235064
243,garachine,8.0647,-78.3628,78.71,83,96,11.21,PA,1614235065
244,luxeuil-les-bains,47.8171,6.365,41.0,75,0,4.61,FR,1614235065
245,hervey bay,-25.2986,152.8535,86.0,51,0,13.8,AU,1614235066
246,souillac,-20.5167,57.5167,80.6,74,40,10.36,MU,1614234940
247,kirkland lake,48.1446,-80.0377,3.2,72,97,7.45,CA,1614235066
248,hasaki,35.7333,140.8333,52.0,50,40,12.66,JP,1614235066
249,maceio,-9.6658,-35.7353,73.4,94,0,3.44,BR,1614235066
250,nogliki,51.8333,143.1667,10.74,94,100,15.19,RU,1614235067
251,fortuna,40.5982,-124.1573,42.01,100,90,5.75,US,1614235067
252,joshimath,30.5667,79.5667,64.4,24,0,7.61,IN,1614235067
253,geraldton,-28.7667,114.6,80.6,61,1,16.11,AU,1614234843
254,pyay,18.8167,95.2167,100.67,14,31,1.72,MM,1614235068
255,lahat,-3.8,103.5333,87.28,58,72,6.26,ID,1614235068
256,gimbi,9.1667,35.8333,73.06,30,0,4.41,ET,1614235068
257,gonbad-e qabus,37.25,55.1672,32.0,86,75,5.26,IR,1614235068
258,saldanha,-33.0117,17.9442,66.2,68,0,13.8,ZA,1614235069
259,mezhdurechensk,53.6942,88.0603,13.62,92,100,8.68,RU,1614235069
260,zeya,53.75,127.2667,2.44,84,100,4.05,RU,1614235069
261,chapais,49.7834,-74.8492,3.2,72,90,12.66,CA,1614235069
262,svetlogorsk,52.6333,29.7333,39.09,99,100,10.98,BY,1614235069
263,kabare,-2.4683,28.8242,69.39,74,1,2.64,CD,1614235070
264,itarema,-2.9248,-39.9167,76.3,89,68,6.91,BR,1614235070
265,manta,-0.95,-80.7333,77.0,83,75,6.91,EC,1614235070
266,thompson,55.7435,-97.8558,-13.0,77,75,2.93,CA,1614234943
267,nemuro,43.3236,145.575,24.8,50,40,6.91,JP,1614234942
268,kununurra,-15.7667,128.7333,93.2,38,99,3.44,AU,1614234973
269,amol,36.4696,52.3507,37.85,67,100,6.46,IR,1614235070
270,panama city,8.9936,-79.5197,80.6,74,90,5.75,PA,1614234966
271,sorong,-0.8833,131.25,84.45,68,100,8.79,ID,1614235071
272,sao felix do xingu,-6.6447,-51.995,71.78,97,100,0.85,BR,1614235071
273,tutoia,-2.7619,-42.2744,78.03,87,99,8.97,BR,1614235071
274,ust-tsilma,65.441,52.1498,1.33,90,100,8.03,RU,1614235071
275,carnarvon,-24.8667,113.6333,93.2,46,0,20.71,AU,1614234832
276,cutro,39.0353,16.9819,53.01,41,0,4.0,IT,1614235072
277,havre-saint-pierre,50.2334,-63.5986,28.4,93,90,9.22,CA,1614235072
278,turayf,31.6725,38.6637,46.4,81,0,5.75,SA,1614235073
279,surazh,53.0175,32.3918,36.72,100,100,12.44,RU,1614235073
280,vaxjo,56.8777,14.8091,46.99,93,75,11.5,SE,1614235073
281,namibe,-15.1961,12.1522,68.0,83,90,8.05,AO,1614235074
282,issenye,-2.0,34.3333,73.54,68,38,4.68,TZ,1614235074
283,port keats,-14.25,129.55,84.4,74,35,7.58,AU,1614235074
284,ixtapa,20.7,-105.2,70.0,90,100,1.52,MX,1614234743
285,dingle,10.9995,122.6711,85.69,62,92,9.57,PH,1614235075
286,mosnita noua,45.7172,21.3253,32.0,100,75,4.61,RO,1614235075
287,gazojak,41.1875,61.4036,18.41,27,0,13.76,TM,1614235075
288,vestmanna,62.1564,-7.1664,44.6,93,75,9.22,FO,1614235075
289,shache,38.4167,77.2406,49.33,32,100,4.9,CN,1614235075
290,klaksvik,62.2266,-6.589,44.6,93,75,9.22,FO,1614235075
291,harer,9.3094,42.1258,73.15,22,0,4.72,ET,1614235075
292,frontera,26.9333,-101.45,67.44,72,63,1.54,MX,1614235076
293,mormugao,15.4,73.8,84.2,74,20,5.75,IN,1614235076
294,bulgan,48.8125,103.5347,33.08,76,99,3.09,MN,1614235076
295,xichang,27.8964,102.2634,75.0,27,4,4.27,CN,1614235077
296,peleduy,59.6289,112.7406,2.1,86,100,2.44,RU,1614235077
297,san vicente,-26.6167,-54.1333,63.97,96,2,3.04,AR,1614235077
298,vila,42.0304,-8.1588,46.0,95,100,5.99,PT,1614235078
299,sept-iles,50.2001,-66.3821,25.0,68,75,8.05,CA,1614235078
300,bor,56.3567,44.0669,3.2,78,90,11.18,RU,1614235078
301,port macquarie,-31.4333,152.9167,78.8,78,40,9.22,AU,1614234917
302,saint anthony,45.0205,-93.218,30.2,74,90,6.91,US,1614234851
303,axim,4.8699,-2.2405,79.3,84,92,9.69,GH,1614235079
304,channel-port aux basques,47.5702,-59.1367,31.71,97,100,15.9,CA,1614235079
305,north myrtle beach,33.816,-78.68,53.6,58,1,6.91,US,1614234966
306,ahipara,-35.1667,173.1667,67.5,78,62,3.18,NZ,1614234851
307,najran,17.4924,44.1277,78.8,38,0,3.44,SA,1614235080
308,blackwater,-23.5833,148.8833,87.51,48,37,12.53,AU,1614235080
309,portobelo,9.55,-79.65,81.0,79,92,5.99,PA,1614235080
310,san policarpo,12.1791,125.5072,82.99,69,94,6.55,PH,1614235081
311,sambava,-14.2667,50.1667,79.47,79,100,4.47,MG,1614235081
312,yar-sale,66.8333,70.8333,-7.87,91,91,3.8,RU,1614234963
313,zhangye,38.9342,100.4517,53.82,36,73,5.59,CN,1614235082
314,rawson,-43.3002,-65.1023,65.28,54,0,4.59,AR,1614235082
315,lufilufi,-13.8745,-171.5986,77.0,94,90,11.5,WS,1614234958
316,kokopo,-4.352,152.2633,81.97,79,77,10.87,PG,1614235083
317,gushikawa,26.3544,127.8686,73.4,73,75,19.57,JP,1614235083
318,ucluelet,48.9329,-125.5528,39.99,90,100,5.99,CA,1614234945
319,solnechnyy,50.7214,136.6319,5.86,92,100,2.71,RU,1614235083
320,pevek,69.7008,170.3133,-23.48,88,100,2.15,RU,1614234931
321,inzer,54.2167,57.5556,0.05,80,0,1.88,RU,1614235084
322,leh,34.1667,77.5833,25.03,77,84,6.24,IN,1614235084
323,necochea,-38.5473,-58.7368,62.01,78,0,1.99,AR,1614235084
324,saint-paul,-21.0096,55.2707,86.0,54,0,17.27,RE,1614235075
325,bubaque,11.2833,-15.8333,76.87,62,14,8.59,GW,1614235085
326,talcahuano,-36.7167,-73.1167,56.61,97,68,1.01,CL,1614235085
327,sapatgram,26.3334,90.109,86.63,23,0,8.63,IN,1614235085
328,tigre,-34.426,-58.5796,73.4,88,0,5.57,AR,1614235085
329,ancud,-41.8697,-73.8203,59.0,81,0,3.0,CL,1614234948
330,iwaki,37.05,140.8833,50.0,38,0,3.0,JP,1614235085
331,saintes,45.6667,-0.75,50.0,81,0,5.75,FR,1614235086
332,stykkisholmur,65.0757,-22.7297,33.51,89,95,6.69,IS,1614235086
333,sao joao da barra,-21.6403,-41.0511,74.28,92,92,0.45,BR,1614235086
334,natalio,-26.7167,-55.0833,67.06,82,0,2.19,PY,1614235086
335,saint-philippe,-21.3585,55.7679,87.8,48,20,4.61,RE,1614234965
336,sembakung,3.8167,117.25,89.6,62,40,5.75,ID,1614235086
337,cayenne,4.9333,-52.3333,77.0,94,75,6.91,GF,1614234838
338,clonakilty,51.6231,-8.8706,39.2,81,20,6.91,IE,1614235087
339,biltine,14.5333,20.9167,69.31,22,0,19.55,TD,1614235087
340,weinan,34.5036,109.5089,44.01,93,90,2.24,CN,1614235087
341,staryy nadym,65.6118,72.6842,-17.95,86,90,1.97,RU,1614235087
342,kjopsvik,68.097,16.3742,45.0,87,90,21.85,NO,1614235088
343,ballina,-28.8667,153.5667,80.6,73,75,13.8,AU,1614235088
344,pontes e lacerda,-15.2261,-59.3353,72.64,91,100,1.77,BR,1614235088
345,oistins,13.0667,-59.5333,77.0,65,40,23.02,BB,1614234915
346,cabedelo,-6.9811,-34.8339,78.8,94,40,2.3,BR,1614235089
347,lerwick,60.1545,-1.1494,44.6,81,75,28.77,GB,1614235089
348,flin flon,54.7682,-101.865,-0.44,98,56,4.5,CA,1614235089
349,noumea,-22.2763,166.4572,82.4,83,40,1.14,NC,1614235089
350,kurchum,48.5722,83.6542,13.24,84,100,18.07,KZ,1614235090
351,broken hill,-31.95,141.4333,78.8,18,0,9.22,AU,1614234994
352,sangueya,10.7,-14.3667,67.17,94,0,2.1,GN,1614235090
353,waddan,29.1614,16.139,51.82,79,2,6.6,LY,1614235090
354,college,64.8569,-147.8028,12.2,85,90,3.44,US,1614235091
355,longyearbyen,78.2186,15.6401,33.8,75,75,2.3,SJ,1614234931
356,denpasar,-8.65,115.2167,89.6,66,40,17.27,ID,1614235074
357,rundu,-17.9333,19.7667,70.74,85,100,6.6,NA,1614235091
358,tautira,-17.7333,-149.15,82.4,74,75,3.44,PF,1614235092
359,rio bueno,-40.3167,-72.9667,51.13,97,17,3.06,CL,1614235092
360,westport,41.1415,-73.3579,45.0,75,90,9.22,US,1614235022
361,patrocinio,-18.9439,-46.9925,71.6,73,0,6.91,BR,1614235092
362,shenjiamen,29.9576,122.298,59.0,94,98,9.73,CN,1614235092
363,road town,18.4167,-64.6167,77.0,72,100,20.0,VG,1614235093
364,slave lake,55.2834,-114.769,15.8,86,90,6.91,CA,1614235066
365,waipawa,-41.4122,175.5153,62.01,94,90,8.05,NZ,1614235093
366,ulaangom,49.9811,92.0667,13.55,80,100,1.19,MN,1614235093
367,viedma,-40.8135,-62.9967,67.01,45,0,7.61,AR,1614235094
368,ilhabela,-23.7781,-45.3581,75.36,76,87,2.42,BR,1614235094
369,constitucion,-35.3333,-72.4167,57.34,88,4,2.8,CL,1614234964
370,akureyri,65.6835,-18.0878,32.0,100,90,2.3,IS,1614235094
371,richards bay,-28.783,32.0377,71.28,94,100,10.45,ZA,1614235095
372,moyale,3.5167,39.0584,79.39,35,5,8.66,KE,1614235095
373,quatre cocos,-20.2078,57.7625,84.0,74,40,10.36,MU,1614235095
374,vestmannaeyjar,63.4427,-20.2734,38.43,74,0,5.1,IS,1614235095
375,villa rica,33.7321,-84.9191,52.0,60,0,3.0,US,1614234957
376,bilma,18.6853,12.9164,62.58,19,0,14.29,NE,1614235096
377,general pico,-35.6566,-63.7568,64.62,26,0,7.83,AR,1614235096
378,rio grande,-32.035,-52.0986,65.5,74,0,6.33,BR,1614234944
379,pudozh,61.8099,36.5345,15.08,97,100,1.74,RU,1614235096
380,peniche,39.3558,-9.3811,53.01,89,48,5.01,PT,1614235097
381,normandin,48.8333,-72.5321,14.0,79,100,8.05,CA,1614235097
382,lavrentiya,65.5833,-171.0,-14.84,86,8,10.94,RU,1614235097
383,haizhou,34.5817,119.1289,40.95,89,100,14.12,CN,1614235097
384,port hardy,50.6996,-127.4199,37.4,93,90,5.75,CA,1614234956
385,luanda,-8.8368,13.2343,77.0,78,75,4.61,AO,1614235098
386,madingou,-4.1536,13.55,74.52,92,100,0.81,CG,1614235098
387,balabac,7.9868,117.0645,82.42,73,35,5.46,PH,1614235098
388,seymchan,62.8833,152.4333,-20.24,82,99,1.28,RU,1614235098
389,bonthe,7.5264,-12.505,77.34,90,82,4.74,SL,1614235098
390,vila franca do campo,37.7167,-25.4333,55.4,67,40,10.36,PT,1614235098
391,rubizhne,49.0123,38.3797,21.11,89,100,11.1,UA,1614235099
392,salalah,17.0151,54.0924,80.6,61,0,4.61,OM,1614235099
393,saint-pierre,-21.3393,55.4781,87.8,48,20,4.61,RE,1614234863
394,namatanai,-3.6667,152.4333,81.52,78,100,5.97,PG,1614234835
395,dawlatabad,36.4141,64.9053,32.92,63,100,11.81,AF,1614235100
396,aksu,41.1231,80.2644,49.69,46,100,0.81,CN,1614235100
397,zonguldak,41.25,31.8333,35.74,94,100,2.42,TR,1614235100
398,cherskiy,68.75,161.3,-25.6,99,100,4.07,RU,1614234954
399,hambantota,6.1241,81.1185,89.6,58,20,4.61,LK,1614235101
400,mbaiki,3.8678,17.9892,81.7,23,20,3.06,CF,1614235101
401,arrecife,28.963,-13.5477,62.6,77,20,10.36,ES,1614235000
402,narsaq,60.9167,-46.05,19.4,63,0,4.61,GL,1614235101
403,chama,47.1821,8.4636,42.01,100,0,2.86,CH,1614235102
404,kadnikov,59.5022,40.338,9.25,92,100,7.29,RU,1614235102
405,ambilobe,-13.2,49.05,84.2,72,43,5.3,MG,1614234964
406,hamilton,39.1834,-84.5333,37.4,75,90,11.5,US,1614235102
407,rio gallegos,-51.6226,-69.2181,50.0,71,0,14.97,AR,1614235051
408,jadu,31.953,12.0261,47.01,83,100,7.38,LY,1614235103
409,khani,41.9563,42.9566,35.6,69,75,17.27,GE,1614235103
410,chiojdu,45.35,26.2,33.01,87,97,45.99,RO,1614235103
411,altamira,-3.2033,-52.2064,71.28,97,52,2.19,BR,1614235103
412,san cristobal,7.7669,-72.225,64.92,89,1,1.19,VE,1614234949
413,fukue,32.6881,128.8419,57.2,77,75,6.91,JP,1614235104
414,podor,16.6527,-14.9587,69.8,28,0,2.3,MR,1614235104
415,mocuba,-16.8392,36.9856,83.59,78,28,1.59,MZ,1614235104
416,bad hofgastein,47.1667,13.1,33.01,100,0,4.52,AT,1614235105
417,hami,42.8,93.45,58.35,21,0,2.19,CN,1614235105
418,vardo,70.3705,31.1107,23.0,86,75,27.63,NO,1614235105
419,iquique,-20.2208,-70.1431,66.15,71,4,1.77,CL,1614235092
420,ducheng,23.2373,111.5317,77.92,62,100,8.57,CN,1614235106
421,port shepstone,-30.7414,30.455,72.32,77,16,2.42,ZA,1614234807
422,muli,2.9167,73.5667,82.13,75,74,11.5,MV,1614235107
423,beringovskiy,63.05,179.3167,-9.94,88,100,16.15,RU,1614235107
424,kimbe,-5.5502,150.1429,82.4,76,100,3.44,PG,1614235107
425,kichmengskiy gorodok,59.9816,45.7854,2.16,93,100,10.02,RU,1614235108
426,guaruja,-23.9931,-46.2564,78.01,26,96,3.42,BR,1614234969
427,lamar,33.6668,-95.5836,50.0,57,1,10.36,US,1614235108
428,eston,51.1501,-108.7514,12.0,92,1,9.22,CA,1614235108
429,sibu,2.3,111.8167,89.6,51,40,2.3,MY,1614235108
430,baglung,28.2719,83.5898,78.31,18,0,6.15,NP,1614235109
431,mandalgovi,45.7625,106.2708,40.6,52,0,13.29,MN,1614235109
432,ngunguru,-35.6167,174.5,71.01,78,0,7.0,NZ,1614235109
433,alyangula,-13.8483,136.4192,80.6,74,100,3.44,AU,1614235109
434,wiang sa,8.6359,99.3666,96.01,42,52,3.49,TH,1614235110
435,maragogi,-9.0122,-35.2225,77.14,83,26,5.82,BR,1614235110
436,priverno,41.4691,13.1856,50.0,93,40,2.3,IT,1614235110
437,lata,40.1629,-8.3327,54.0,92,100,1.01,PT,1614235111
438,henties bay,-22.116,14.2845,61.0,85,100,5.01,NA,1614235111
439,kyren,51.6828,102.1408,30.6,88,100,1.54,RU,1614235111
440,dzhebariki-khaya,62.2167,135.8,-17.88,85,99,2.08,RU,1614235111
441,bainbridge,47.6262,-122.5212,43.0,75,90,10.36,US,1614234881
442,sao jose da coroa grande,-8.8978,-35.1478,77.45,83,14,5.95,BR,1614235112
443,kuryk,43.2,51.65,14.76,64,4,6.4,KZ,1614235112
444,ukiah,39.1502,-123.2078,46.0,70,1,3.71,US,1614235112
445,sobolevo,54.4299,31.8996,37.11,99,100,12.06,RU,1614235112
446,alice springs,-23.7,133.8833,87.8,11,0,14.97,AU,1614235113
447,khandyga,62.6667,135.6,-18.72,92,100,1.14,RU,1614235113
448,shiyan,32.6475,110.7781,50.59,51,100,7.63,CN,1614235113
449,ostrovnoy,68.0531,39.5131,7.23,92,100,22.64,RU,1614234950
450,astoria,46.1879,-123.8313,42.01,87,90,4.05,US,1614235113
451,skibbereen,51.55,-9.2667,39.2,81,20,6.91,IE,1614235114
452,yinchuan,38.4681,106.2731,51.62,40,90,2.64,CN,1614235114
453,ginda,30.6945,78.4932,80.6,26,0,6.62,IN,1614234954
454,orchard homes,46.8633,-114.0484,26.6,63,1,3.44,US,1614235114
455,kifri,34.6959,44.9661,54.1,45,0,9.75,IQ,1614235114
456,pascagoula,30.3658,-88.5561,60.8,88,90,5.97,US,1614234718
457,saint-medard-en-jalles,44.8969,-0.7214,48.2,93,0,8.05,FR,1614235114
458,krusevac,43.58,21.3339,35.6,93,0,4.61,RS,1614235115
459,lasa,46.6166,10.7002,35.6,80,0,6.91,IT,1614235115
460,nabire,-3.3667,135.4833,88.18,60,31,4.99,ID,1614234989
461,bunol,39.4167,-0.7833,51.8,100,75,3.44,ES,1614235115
462,mitu,1.1983,-70.1733,69.6,98,96,0.72,CO,1614235116
463,malkara,40.89,26.9011,40.57,87,96,9.19,TR,1614235116
464,tecolutla,20.4833,-97.0167,70.66,93,25,6.73,MX,1614235116
465,filingue,14.3521,3.3168,67.24,13,0,8.52,NE,1614234960
466,kondinskoye,59.6481,67.41,-16.06,88,100,7.29,RU,1614235116
467,bodden town,19.2833,-81.25,78.01,1,0,8.01,KY,1614235117
468,komagane,35.7296,137.9396,48.99,24,37,5.99,JP,1614235117
469,antalaha,-14.9003,50.2788,83.03,73,100,1.41,MG,1614235117
470,gizo,-8.103,156.8419,82.13,79,100,17.07,SB,1614235118
471,pocone,-16.2567,-56.6228,76.21,81,0,3.02,BR,1614235118
472,olinda,-8.0089,-34.8553,77.0,83,40,3.44,BR,1614235118
473,ulladulla,-35.35,150.4667,82.4,47,40,11.5,AU,1614235118
474,naze,28.3667,129.4833,73.4,68,75,17.27,JP,1614235118
475,labuhan,-6.8844,112.2051,83.41,76,91,17.52,ID,1614235119
476,kidal,18.4411,1.4078,58.64,29,0,13.33,ML,1614235119
477,merritt island,28.5392,-80.672,66.99,94,40,3.4,US,1614235120
478,sioux lookout,50.1001,-91.917,6.8,78,75,2.33,CA,1614235120
479,iranshahr,27.2025,60.6848,77.0,36,0,8.93,IR,1614235120
480,tabas,33.5959,56.9244,50.02,43,100,6.6,IR,1614235120
481,matagami,49.7502,-77.6328,-14.12,99,100,5.14,CA,1614235120
482,lagoa,39.05,-27.9833,55.06,69,100,21.97,PT,1614235120
483,laguna,38.421,-121.4238,55.4,22,1,25.32,US,1614235121
484,pamanukan,-6.2842,107.8106,81.34,84,100,14.63,ID,1614235121
485,bela vista de goias,-16.9728,-48.9533,71.6,78,20,11.5,BR,1614235122
486,batagay-alyta,67.8006,130.4114,-15.59,97,100,2.06,RU,1614235122
487,zlobin,45.2924,14.6541,53.6,54,0,3.44,HR,1614235122
488,bafq,31.6128,55.4107,38.57,75,100,16.31,IR,1614235123
489,walvis bay,-22.9575,14.5053,61.0,82,95,6.91,NA,1614235123
490,todos santos,23.45,-110.2167,64.0,78,0,2.48,MX,1614235123
491,pekan,3.4836,103.3996,87.8,62,20,2.3,MY,1614235124
492,acari,-15.4311,-74.6158,73.26,67,100,0.81,PE,1614235124
493,yulara,-25.2406,130.9889,89.6,10,99,8.05,AU,1614235124
494,berbera,10.4396,45.0143,77.86,64,56,6.44,SO,1614235124
495,hukuntsi,-24.0,21.75,69.58,81,87,10.85,BW,1614235124
496,tura,25.5198,90.2201,84.9,21,0,7.29,IN,1614235125
497,hovd,48.0056,91.6419,39.72,29,100,1.74,MN,1614235125
498,mezen,65.8522,44.24,1.62,92,100,10.29,RU,1614235125
499,goderich,43.7501,-81.7165,28.4,80,77,20.71,CA,1614235126
500,santa fe,-31.6333,-60.7,68.0,77,0,3.38,AR,1614234999
501,barcelos,41.5388,-8.6151,50.0,100,75,3.44,PT,1614234906
502,nantucket,41.2835,-70.0995,46.0,93,75,17.27,US,1614235126
503,huarmey,-10.0681,-78.1522,69.94,75,89,4.59,PE,1614234947
504,takoradi,4.8845,-1.7554,78.78,86,93,8.21,GH,1614235039
505,orodara,10.9492,-4.9342,69.8,28,0,8.05,BF,1614235127
506,guerrero negro,27.9769,-114.0611,57.25,80,43,8.9,MX,1614234962
507,victor harbor,-35.5667,138.6167,69.01,62,100,3.0,AU,1614235127
508,dunedin,-45.8742,170.5036,55.0,73,60,11.01,NZ,1614234701
509,micheweni,-4.9667,39.8333,84.58,66,80,5.82,TZ,1614235127
510,masiga,13.3607,121.8278,82.99,77,62,3.0,PH,1614235128
511,ridgecrest,35.6225,-117.6709,55.4,13,1,19.57,US,1614235128
512,yurino,56.2942,46.3039,-4.0,77,40,15.66,RU,1614235128
513,tamandare,-8.7597,-35.1047,77.23,84,1,5.46,BR,1614234861
514,umm lajj,25.0213,37.2685,71.67,32,0,14.36,SA,1614235128
515,marawi,7.9986,124.2928,82.0,83,79,7.0,PH,1614235128
516,bichura,50.5881,107.6022,24.33,77,100,0.74,RU,1614235128
517,togur,58.3631,82.8265,-4.32,90,100,11.61,RU,1614235129
518,suicheng,33.8963,117.9331,43.39,85,100,15.3,CN,1614234932
519,caravelas,-17.7125,-39.2481,74.14,92,0,5.19,BR,1614235129
520,kalianget,-7.05,113.9333,84.24,75,0,14.85,ID,1614235129
521,kabinda,-6.1333,24.4833,75.2,78,22,2.66,CD,1614235130
522,aswan,24.0934,32.907,63.23,33,0,11.52,EG,1614234935
523,berlevag,70.8578,29.0864,26.6,80,75,26.46,NO,1614235130
524,kemijarvi,66.7131,27.4306,24.55,98,100,6.91,FI,1614235130
525,saquena,-4.6667,-73.5167,71.19,97,1,1.86,PE,1614235131
526,stornoway,58.2093,-6.3865,46.4,76,75,20.71,GB,1614235131
527,cabanas,22.9758,-82.9219,68.0,100,20,7.31,CU,1614235132
528,bilibino,68.0546,166.4372,-28.19,99,21,0.83,RU,1614235132
529,puerto rondon,6.2805,-71.1,77.34,69,1,5.88,CO,1614235132
530,okakarara,-20.5833,17.4333,71.29,47,84,4.0,NA,1614235132
531,meulaboh,4.1363,96.1285,86.67,62,89,9.71,ID,1614235132
532,balkanabat,39.5108,54.3671,27.07,79,0,7.49,TM,1614235133
533,shar,49.5886,81.0453,5.25,85,100,22.88,KZ,1614235133
534,sayyan,15.1718,44.3244,63.79,41,0,3.06,YE,1614235133
535,tagab,34.855,69.6492,51.8,50,20,4.61,AF,1614235134
536,tokmak,47.2514,35.7058,26.55,86,100,9.42,UA,1614235134
537,deputatskiy,69.3,139.9,-29.06,82,54,1.59,RU,1614235134
538,tacuati,-23.45,-56.5833,72.63,93,75,1.59,PY,1614235134
539,vilyuysk,63.7553,121.6247,-17.77,87,100,3.2,RU,1614235134
540,bom jesus da lapa,-13.255,-43.4181,70.47,88,58,1.61,BR,1614235135
541,praya,14.9215,-23.5087,68.0,68,0,19.57,CV,1614234951
542,payson,40.0444,-111.7321,30.2,55,1,8.05,US,1614234907
543,popondetta,-8.7537,148.2534,81.73,77,81,3.27,PG,1614235135
544,la rioja,42.25,-2.5,48.0,93,90,11.5,ES,1614235135
